etapa,orden,paso,clase,parametros
etapa_a,1,ConversorTipos,ConversorTipos,"{""Latitude_sin_correccion"": 0, ""Latitude_con_correccion"": 6852, ""Longitude_sin_correccion"": 0, ""Longitude_con_correccion"": 6852, ""Approved Date_formato_explicito"": 6834, ""permit_start_date_formato_explicito"": 6017, ""permit_end_date_formato_explicito"": 6141}"
etapa_a,2,"DerivadorVariables(permit_start_date, permit_end_date, Approved Date, Permit Type, Agent, supervisor_district, permit_number)",DerivadorVariables,"{""tipos_principales"": [""Excavation"", ""Wireless"", ""StrtImprov"", ""TempOccup"", ""MinorEnc"", ""FoodFac"", ""Referral"", ""conformity"", ""ExcStreet"", ""SpecSide"", ""NightNoise"", ""AddlStSpac""], ""agentes_principales"": [""Esquivel Grading & Paving, Inc."", ""Pacific Gas & Electric"", ""ExteNet Systems, Inc."", ""Cratus, Inc."", ""Ronan Construction Inc."", ""Precision Concrete Cutting"", ""Precision Engineering, Inc."", ""LC General Engineering & Construction"", ""Michael O'Shaugnessy Construction Inc."", ""Verizon Wireless"", ""AT&T Mobility"", ""M Squared Construction""]}"
etapa_a,3,SaneadorConjunto,SaneadorConjunto,"{""descartadas"": [""CurbRampWork"", ""bpa"", ""permit_address"", ""Location"", ""the_geom"", ""X"", ""Y"", ""data_loaded_at"", ""Permit Type"", ""Agent"", ""supervisor_district"", ""AgentPhone"", ""24/7 Contact"", ""cnn""], ""filas_entrada"": 6852}"
etapa_b,1,"DerivadorAusencia(Permit Purpose, Inspector)",DerivadorAusencia,"{""inspectores_principales"": [""Gabriel Howell"", ""Jeffrey Ramirez"", ""Garland Wong"", ""Don Doan"", ""Mario Novoa"", ""Adalberto Cuellar Franco"", ""Joyce Bulatao"", ""David Barajas"", ""Nick Haase"", ""Eduard Rizal Salvador"", ""David Chin"", ""Ramon Oropeza""]}"
etapa_b,2,"ImputadorMixto(permit_zipcode, Cross Street 2, analysis_neighborhood, lag_aprob_inicio, anio_aprobacion)",ImputadorMixto,"{""medianas"": {""lag_aprob_inicio"": 3.0, ""anio_aprobacion"": 2026.0}}"
etapa_b,3,CodificadorNominal(tipo_permiso),CodificadorNominal,"{""categorias"": [""AddlStSpac"", ""ExcStreet"", ""Excavation"", ""FoodFac"", ""NightNoise"", ""Otros"", ""Referral"", ""StrtImprov"", ""TempOccup"", ""Wireless""]}"
etapa_b,4,CodificadorNominal(agente),CodificadorNominal,"{""categorias"": [""AT&T Mobility"", ""Cratus, Inc."", ""Esquivel Grading & Paving, Inc."", ""ExteNet Systems, Inc."", ""LC General Engineering & Construction"", ""M Squared Construction"", ""Michael O'Shaugnessy Construction Inc."", ""Otros"", ""Pacific Gas & Electric"", ""Precision Concrete Cutting"", ""Precision Engineering, Inc."", ""Ronan Construction Inc."", ""Verizon Wireless""]}"
etapa_b,5,CodificadorNominal(distrito),CodificadorNominal,"{""categorias"": [""1"", ""10"", ""11"", ""2"", ""3"", ""4"", ""5"", ""6"", ""7"", ""8"", ""9"", ""Desconocido""]}"
etapa_b,6,CodificadorNominal(inspector),CodificadorNominal,"{""categorias"": [""Adalberto Cuellar Franco"", ""David Barajas"", ""David Chin"", ""Don Doan"", ""Eduard Rizal Salvador"", ""Gabriel Howell"", ""Garland Wong"", ""Jeffrey Ramirez"", ""Joyce Bulatao"", ""Mario Novoa"", ""Nick Haase"", ""Otros"", ""Ramon Oropeza"", ""Sin asignar""]}"
etapa_b,7,CodificadorNominal(analysis_neighborhood),CodificadorNominal,"{""categorias"": [""Bayview Hunters Point"", ""Bernal Heights"", ""Castro/Upper Market"", ""Chinatown"", ""Desconocido"", ""Excelsior"", ""Financial District/South Beach"", ""Glen Park"", ""Golden Gate Park"", ""Haight Ashbury"", ""Hayes Valley"", ""Inner Richmond"", ""Inner Sunset"", ""Japantown"", ""Lakeshore"", ""Lincoln Park"", ""Lone Mountain/USF"", ""Marina"", ""McLaren Park"", ""Mission"", ""Mission Bay"", ""Nob Hill"", ""Noe Valley"", ""North Beach"", ""Oceanview/Merced/Ingleside"", ""Outer Mission"", ""Outer Richmond"", ""Pacific Heights"", ""Portola"", ""Potrero Hill"", ""Presidio"", ""Presidio Heights"", ""Russian Hill"", ""Seacliff"", ""South of Marke"
etapa_b,8,CodificadorNominal(permit_zipcode),CodificadorNominal,"{""categorias"": [""94102"", ""94102, 94115"", ""94103"", ""94104"", ""94105"", ""94107"", ""94108"", ""94109"", ""94110"", ""94111"", ""94112"", ""94114"", ""94115"", ""94116"", ""94117"", ""94118"", ""94121"", ""94122"", ""94123"", ""94124"", ""94124, 94134"", ""94127"", ""94130"", ""94131"", ""94132"", ""94133"", ""94134"", ""94158"", ""Desconocido""]}"
etapa_b,9,"EscaladorEstandar(n_segmentos, lag_aprob_inicio, anio_aprobacion, mes_inicio, largo_proposito)",EscaladorEstandar,"{""medias"": {""n_segmentos"": 54.859075535512964, ""lag_aprob_inicio"": -45.08072153325817, ""anio_aprobacion"": 2024.1641488162345, ""mes_inicio"": 6.86065388951522, ""largo_proposito"": 46.87576099210823}, ""desviaciones"": {""n_segmentos"": 58.23960329281498, ""lag_aprob_inicio"": 241.94422340337033, ""anio_aprobacion"": 3.3767057875389535, ""mes_inicio"": 2.9609211257481785, ""largo_proposito"": 53.19549900920289}}"
agregacion,1,AgregadorPermiso(permit_number),AgregadorPermiso,"{""grupos"": 2139, ""filas_entrada"": 6010, ""constantes_violadas"": []}"
