,filas,permisos,mediana segmento,mediana permiso,filas/permiso,rango seg.,rango perm.,cambia
Wireless,1115,1076,3939.0,3939.0,1.04,1,1,
Excavation,4059,694,459.0,28.0,5.85,4,8,sí
Referral,130,87,364.0,364.0,1.49,5,3,sí
TempOccup,284,69,13.0,0.0,4.12,10,11,sí
Otros,67,48,147.0,95.0,1.4,8,7,sí
FoodFac,143,43,341.0,347.0,3.33,6,4,sí
StrtImprov,100,41,730.0,194.0,2.44,2,5,sí
ExcStreet,52,39,28.5,28.0,1.33,9,8,sí
AddlStSpac,25,22,163.0,158.0,1.14,7,6,sí
NightNoise,33,19,1.0,1.0,1.74,11,10,sí
MinorEnc,2,1,591.0,591.0,2.0,3,2,sí
